city,country,filename
Sant Julià de Lòria,Andorra,
les Escaldes,Andorra,
la Massana,Andorra,
Encamp,Andorra,
Andorra la Vella,Andorra,
Umm Al Quwain City,United Arab Emirates,
Ras Al Khaimah City,United Arab Emirates,
Dubai,United Arab Emirates,
Sharjah,United Arab Emirates,
Al Fujairah City,United Arab Emirates,
Al Ain City,United Arab Emirates,
Ajman City,United Arab Emirates,
Abu Dhabi,United Arab Emirates,
Mazār-e Sharīf,Afghanistan,
Kunduz,Afghanistan,
Kandahār,Afghanistan,
Kabul,Afghanistan,
Jalālābād,Afghanistan,
Herāt,Afghanistan,
Ghazni,Afghanistan,
Balkh,Afghanistan,
Saint John’s,Antigua and Barbuda,
Korçë,Albania,
Elbasan,Albania,
Vlorë,Albania,
Tirana,Albania,
Shkodër,Albania,
Lushnjë,Albania,
Durrës,Albania,
Berat,Albania,
Kapan,Armenia,
Yerevan,Armenia,
Vagharshapat,Armenia,
Vanadzor,Armenia,
Hrazdan,Armenia,
Armavir,Armenia,
Gyumri,Armenia,
Abovyan,Armenia,
Armavir,Armenia,
Malanje,Angola,
Luanda,Angola,
Cabinda,Angola,
Luena,Angola,
Lubango,Angola,
Cuíto,Angola,
Huambo,Angola,
Benguela,Angola,
Resistencia,Argentina,
Posadas,Argentina,
Mar del Plata,Argentina,
Corrientes,Argentina,
Buenos Aires,Argentina,
Santiago del Estero,Argentina,
San Salvador de Jujuy,Argentina,
San Miguel de Tucumán,Argentina,
Salta,Argentina,
Rosario,Argentina,
Córdoba,Argentina,
Bahía Blanca,Argentina,
Tāfuna,American Samoa,
Nu‘uuli,American Samoa,
Pago Pago,American Samoa,
Wiener Neustadt,Austria,
Vienna,Austria,
Villach,Austria,
Salzburg,Austria,
Linz,Austria,
Klagenfurt am Wörthersee,Austria,
Innsbruck,Austria,
Graz,Austria,
Perth,Australia,
Darwin,Australia,
Adelaide,Australia,
Sydney,Australia,
Newcastle,Australia,
Melbourne,Australia,
Gold Coast,Australia,
Hobart,Australia,
Wollongong,Australia,
Canberra,Australia,
Brisbane,Australia,
Sunshine Coast,Australia,
Tanki Leendert,Aruba,
San Nicolas,Aruba,
Savaneta,Aruba,
Oranjestad,Aruba,
Noord,Aruba,
Ytterby,Aland Islands,
Mariehamn,Aland Islands,
Naxçıvan,Azerbaijan,
Lankaran,Azerbaijan,
Yevlakh,Azerbaijan,
Tovuz,Azerbaijan,
Sumqayıt,Azerbaijan,
Mingelchaur,Azerbaijan,
Ganja,Azerbaijan,
Baku,Azerbaijan,
Zenica,Bosnia and Herzegovina,
Tuzla,Bosnia and Herzegovina,
Sarajevo,Bosnia and Herzegovina,
Prijedor,Bosnia and Herzegovina,
Mostar,Bosnia and Herzegovina,
Brčko,Bosnia and Herzegovina,
Bijeljina,Bosnia and Herzegovina,
Banja Luka,Bosnia and Herzegovina,
Bridgetown,Barbados,
Sylhet,Bangladesh,
Rajshahi,Bangladesh,
Rangpur,Bangladesh,
Dhaka,Bangladesh,
Bagerhat,Bangladesh,
Gazipur,Bangladesh,
Chattogram,Bangladesh,
Khulna,Bangladesh,
Turnhout,Belgium,
Tournai,Belgium,
Sint-Niklaas,Belgium,
Schaerbeek,Belgium,
Oudenaarde,Belgium,
Ostend,Belgium,
Namur,Belgium,
Mouscron,Belgium,
Ieper,Belgium,
Dendermonde,Belgium,
Brussels,Belgium,
Anderlecht,Belgium,
Saaba,Burkina Faso,
Ouahigouya,Burkina Faso,
Ouagadougou,Burkina Faso,
Koudougou,Burkina Faso,
Kaya,Burkina Faso,
Fada N'gourma,Burkina Faso,
Bobo-Dioulasso,Burkina Faso,
Banfora,Burkina Faso,
Varna,Bulgaria,
Dobrich,Bulgaria,
Stara Zagora,Bulgaria,
Sofia,Bulgaria,
Ruse,Bulgaria,
Plovdiv,Bulgaria,
Pleven,Bulgaria,
Burgas,Bulgaria,
Madīnat Ḩamad,Bahrain,
Dār Kulayb,Bahrain,
Al Muharraq,Bahrain,
Manama,Bahrain,
Ar Rifā‘,Bahrain,
Rumonge,Burundi,
Bujumbura,Burundi,
Gitega,Burundi,
Bubanza,Burundi,
Ngozi,Burundi,
Porto-Novo,Benin,
Parakou,Benin,
Natitingou,Benin,
Malanville,Benin,
Kandi,Benin,
Djougou,Benin,
Bohicon,Benin,
Abomey,Benin,
Gustavia,Saint Barthelemy,
Pembroke Parish,Bermuda,
Devonshire Parish,Bermuda,
St George's Parish,Bermuda,
Warwick Parish,Bermuda,
Sandys Parish,Bermuda,
Tutong,Brunei,
Seria,Brunei,
Kuala Belait,Brunei,
Sengkurong,Brunei,
Bandar Seri Begawan,Brunei,
Trinidad,Bolivia,
Tarija,Bolivia,
Sucre,Bolivia,
Santa Cruz de la Sierra,Bolivia,
Potosí,Bolivia,
Oruro,Bolivia,
La Paz,Bolivia,
Cochabamba,Bolivia,
Kralendijk,"Bonaire, Saint Eustatius and Saba",
Recife,Brazil,
Fortaleza,Brazil,
Belém,Brazil,
São Paulo,Brazil,
Salvador,Brazil,
Rio de Janeiro,Brazil,
Porto Alegre,Brazil,
Goiânia,Brazil,
Curitiba,Brazil,
Brasília,Brazil,
Belo Horizonte,Brazil,
Manaus,Brazil,
West End,Bahamas,
San Andros,Bahamas,
Nassau,Bahamas,
George Town,Bahamas,
Freeport,Bahamas,
Thimphu,Bhutan,
Punākha,Bhutan,
Paro,Bhutan,
Tsirang,Bhutan,
Pemagatshel,Bhutan,
Serowe,Botswana,
Molepolole,Botswana,
Mochudi,Botswana,
Maun,Botswana,
Kanye,Botswana,
Ghanzi,Botswana,
Gaborone,Botswana,
Francistown,Botswana,
Vitebsk,Belarus,
Minsk,Belarus,
Mahilyow,Belarus,
Hrodna,Belarus,
Homyel',Belarus,
Brest,Belarus,
Baranovichi,Belarus,
Bobruysk,Belarus,
Orange Walk,Belize,
Dangriga,Belize,
Corozal,Belize,
Belmopan,Belize,
Belize City,Belize,
Burnaby,Canada,
Edmonton,Canada,
Kitchener,Canada,
Longueuil,Canada,
Montréal,Canada,
Ottawa,Canada,
Regina,Canada,
Toronto,Canada,
Victoria,Canada,
Winnipeg,Canada,
Halifax,Canada,
Québec,Canada,
Tshikapa,Democratic Republic of the Congo,
Mbuji-Mayi,Democratic Republic of the Congo,
Kisangani,Democratic Republic of the Congo,
Kananga,Democratic Republic of the Congo,
Bukavu,Democratic Republic of the Congo,
Lubumbashi,Democratic Republic of the Congo,
Kolwezi,Democratic Republic of the Congo,
Kinshasa,Democratic Republic of the Congo,
Bangassou,Central African Republic,
Bambari,Central African Republic,
Carnot,Central African Republic,
Bouar,Central African Republic,
Bossangoa,Central African Republic,
Bimbo,Central African Republic,
Berbérati,Central African Republic,
Bangui,Central African Republic,
Sibiti,Republic of the Congo,
Pointe-Noire,Republic of the Congo,
Owando,Republic of the Congo,
Ouésso,Republic of the Congo,
Dolisie,Republic of the Congo,
Impfondo,Republic of the Congo,
Brazzaville,Republic of the Congo,
Nkayi,Republic of the Congo,
Zürich,Switzerland,
Winterthur,Switzerland,
Thun,Switzerland,
Schaffhausen,Switzerland,
Sankt Gallen,Switzerland,
Luzern,Switzerland,
Lugano,Switzerland,
Lausanne,Switzerland,
Genève,Switzerland,
Biel/Bienne,Switzerland,
Bern,Switzerland,
Basel,Switzerland,
Yamoussoukro,Ivory Coast,
San-Pédro,Ivory Coast,
Man,Ivory Coast,
Korhogo,Ivory Coast,
Grand-Bassam,Ivory Coast,
Gagnoa,Ivory Coast,
Divo,Ivory Coast,
Daloa,Ivory Coast,
Bouaké,Ivory Coast,
Bondoukou,Ivory Coast,
Abidjan,Ivory Coast,
Abengourou,Ivory Coast,
Avarua,Cook Islands,
Valparaíso,Chile,
Temuco,Chile,
Santiago,Chile,
Puerto Montt,Chile,
Puente Alto,Chile,
Concepción,Chile,
Arica,Chile,
Antofagasta,Chile,
Yaoundé,Cameroon,
Ngaoundéré,Cameroon,
Maroua,Cameroon,
Douala,Cameroon,
Buea,Cameroon,
Bertoua,Cameroon,
Bamenda,Cameroon,
Bafoussam,Cameroon,
Xi’an,China,
Wuhan,China,
Tianjin,China,
Shenzhen,China,
Shenzhen,China,
Shanghai,China,
Nanjing,China,
Hangzhou,China,
Guangzhou,China,
Dongguan,China,
Chongqing,China,
Chengdu,China,
Beijing,China,
Valledupar,Colombia,
Santa Marta,Colombia,
Medellín,Colombia,
Manizales,Colombia,
Ibagué,Colombia,
Cúcuta,Colombia,
Cartagena,Colombia,
Cali,Colombia,
Bucaramanga,Colombia,
Bogotá,Colombia,
Bello,Colombia,
Barranquilla,Colombia,
San José,Costa Rica,
San Isidro,Costa Rica,
Puntarenas,Costa Rica,
Limón,Costa Rica,
Liberia,Costa Rica,
Heredia,Costa Rica,
Cartago,Costa Rica,
Alajuela,Costa Rica,
Santiago de Cuba,Cuba,
Santa Clara,Cuba,
Las Tunas,Cuba,
Havana,Cuba,
Holguín,Cuba,
Guantánamo,Cuba,
Cienfuegos,Cuba,
Camagüey,Cuba,
São Filipe,Cabo Verde,
Praia,Cabo Verde,
Mindelo,Cabo Verde,
Assomada,Cabo Verde,
Espargos,Cabo Verde,
Willemstad,Curacao,
Sint Michiel Liber,Curacao,
Santa Rosa,Curacao,
Bandariba,Curacao,
Bandabou,Curacao,
Stróvolos,Cyprus,
Paphos,Cyprus,
Nicosia,Cyprus,
Limassol,Cyprus,
Larnaca,Cyprus,
Kyrenia,Cyprus,
Káto Lakatámeia,Cyprus,
Famagusta,Cyprus,
Zlín,Czechia,
Ústí nad Labem,Czechia,
Prague,Czechia,
Pilsen,Czechia,
Pardubice,Czechia,
Ostrava,Czechia,
Olomouc,Czechia,
Liberec,Czechia,
Hradec Králové,Czechia,
Havířov,Czechia,
České Budějovice,Czechia,
Brno,Czechia,
Stuttgart,Germany,
Nürnberg,Germany,
Munich,Germany,
Leipzig,Germany,
Köln,Germany,
Hannover,Germany,
Hamburg,Germany,
Frankfurt am Main,Germany,
Essen,Germany,
Düsseldorf,Germany,
Dresden,Germany,
Berlin,Germany,
Tadjoura,Djibouti,
Obock,Djibouti,
Djibouti,Djibouti,
Dikhil,Djibouti,
Ali Sabih,Djibouti,
Randers,Denmark,
Odense,Denmark,
Copenhagen,Denmark,
Kolding,Denmark,
Frederiksberg,Denmark,
Esbjerg,Denmark,
Århus,Denmark,
Aalborg,Denmark,
Roseau,Dominica,
Santo Domingo,Dominican Republic,
Santiago de los Caballeros,Dominican Republic,
San Pedro de Macorís,Dominican Republic,
Puerto Plata,Dominican Republic,
La Romana,Dominican Republic,
La Vega,Dominican Republic,
San Cristóbal,Dominican Republic,
Santo Domingo Este,Dominican Republic,
Skikda,Algeria,
Sidi Bel Abbes,Algeria,
Sétif,Algeria,
Oran,Algeria,
Chlef,Algeria,
Djelfa,Algeria,
Constantine,Algeria,
Blida,Algeria,
Biskra,Algeria,
Batna City,Algeria,
Annaba,Algeria,
Algiers,Algeria,
Santo Domingo de los Colorados,Ecuador,
Riobamba,Ecuador,
Quito,Ecuador,
Portoviejo,Ecuador,
Machala,Ecuador,
Guayaquil,Ecuador,
Cuenca,Ecuador,
Ambato,Ecuador,
Viljandi,Estonia,
Tartu,Estonia,
Tallinn,Estonia,
Pärnu,Estonia,
Narva,Estonia,
Shubrā al Khaymah,Egypt,
Port Said,Egypt,
Suez,Egypt,
Cairo,Egypt,
Al Mansurah,Egypt,
Giza,Egypt,
Alexandria,Egypt,
Al Fayyum,Egypt,
Tichla,Western Sahara,
Laayoune Plage,Western Sahara,
Laayoune,Western Sahara,
Boujdour,Western Sahara,
Dakhla,Western Sahara,
Massawa,Eritrea,
Keren,Eritrea,
Asmara,Eritrea,
Assab,Eritrea,
Mendefera,Eritrea,
Valencia,Spain,
Sevilla,Spain,
Palma,Spain,
Murcia,Spain,
Málaga,Spain,
Córdoba,Spain,
Alicante,Spain,
Zaragoza,Spain,
Valladolid,Spain,
Madrid,Spain,
Bilbao,Spain,
Barcelona,Spain,
Mek'ele,Ethiopia,
Jijiga,Ethiopia,
Hosa’ina,Ethiopia,
Harar,Ethiopia,
Dire Dawa,Ethiopia,
Bahir Dar,Ethiopia,
Awasa,Ethiopia,
Addis Ababa,Ethiopia,
Vantaa,Finland,
Turku,Finland,
Tampere,Finland,
Pori,Finland,
Oulu,Finland,
Lappeenranta,Finland,
Lahti,Finland,
Kuopio,Finland,
Jyväskylä,Finland,
Joensuu,Finland,
Helsinki,Finland,
Espoo,Finland,
Suva,Fiji,
Levuka,Fiji,
Lautoka,Fiji,
Labasa,Fiji,
Ba,Fiji,
Weno,Micronesia,
Tofol,Micronesia,
Palikir,Micronesia,
Kolonia,Micronesia,
Colonia,Micronesia,
Tórshavn,Faroe Islands,
Klaksvík,Faroe Islands,
Toulouse,France,
Strasbourg,France,
Rouen,France,
Rennes,France,
Paris,France,
Nice,France,
Nantes,France,
Montpellier,France,
Marseille,France,
Lyon,France,
Lille,France,
Bordeaux,France,
Port-Gentil,Gabon,
Oyem,Gabon,
Libreville,Gabon,
Lambaréné,Gabon,
Franceville,Gabon,
Swansea,United Kingdom,
Newport,United Kingdom,
Newport,United Kingdom,
Manchester,United Kingdom,
Derry,United Kingdom,
London,United Kingdom,
Lisburn,United Kingdom,
Glasgow,United Kingdom,
Edinburgh,United Kingdom,
Cardiff,United Kingdom,
Birmingham,United Kingdom,
Belfast,United Kingdom,
Aberdeen,United Kingdom,
Saint George's,Grenada,
Zugdidi,Georgia,
Tbilisi,Georgia,
Sokhumi,Georgia,
Rustavi,Georgia,
Kutaisi,Georgia,
Khashuri,Georgia,
Gori,Georgia,
Batumi,Georgia,
Saint-Laurent-du-Maroni,French Guiana,
Matoury,French Guiana,
Maripasoula,French Guiana,
Kourou,French Guiana,
Cayenne,French Guiana,
Saint Sampson,Guernsey,
Saint Peter Port,Guernsey,
Tamale,Ghana,
Sekondi-Takoradi,Ghana,
Kumasi,Ghana,
Koforidua,Ghana,
Ho,Ghana,
Cape Coast,Ghana,
Accra,Ghana,
Sekondi,Ghana,
Gibraltar,Gibraltar,
Sisimiut,Greenland,
Nuuk,Greenland,
Sukuta,Gambia,
Serekunda,Gambia,
Kerewan,Gambia,
Farafenni,Gambia,
Brikama,Gambia,
Basse Santa Su,Gambia,
Banjul,Gambia,
Bakau,Gambia,
Siguiri,Guinea,
Nzérékoré,Guinea,
Labé,Guinea,
Kissidougou,Guinea,
Kindia,Guinea,
Kankan,Guinea,
Dubréka,Guinea,
Conakry,Guinea,
Pointe-à-Pitre,Guadeloupe,
Les Abymes,Guadeloupe,
Le Gosier,Guadeloupe,
Basse-Terre,Guadeloupe,
Baie-Mahault,Guadeloupe,
Evinayong,Equatorial Guinea,
Ebebiyin,Equatorial Guinea,
Malabo,Equatorial Guinea,
Luba,Equatorial Guinea,
Bata,Equatorial Guinea,
Volos,Greece,
Piraeus,Greece,
Peristéri,Greece,
Pátra,Greece,
Lárisa,Greece,
Irákleion,Greece,
Athens,Greece,
Thessaloníki,Greece,
Villa Nueva,Guatemala,
Quetzaltenango,Guatemala,
Mixco,Guatemala,
Jalapa,Guatemala,
Escuintla,Guatemala,
Cobán,Guatemala,
Guatemala City,Guatemala,
Chichicastenango,Guatemala,
Tamuning-Tumon-Harmon Village,Guam,
Yigo Village,Guam,
Barrigada Village,Guam,
Dededo Village,Guam,
Mangilao Village,Guam,
Gabú,Guinea-Bissau,
Catió,Guinea-Bissau,
Bolama,Guinea-Bissau,
Bissau,Guinea-Bissau,
Bafatá,Guinea-Bissau,
New Amsterdam,Guyana,
Linden,Guyana,
Georgetown,Guyana,
Bartica,Guyana,
Anna Regina,Guyana,
Tsuen Wan,Hong Kong,
Yuen Long,Hong Kong,
Wong Tai Sin,Hong Kong,
Wan Chai,Hong Kong,
Tuen Mun,Hong Kong,
Tai Po,Hong Kong,
Sha Tin,Hong Kong,
Sham Shui Po,Hong Kong,
Mong Kok,Hong Kong,
Kowloon,Hong Kong,
Hong Kong,Hong Kong,
New Territories,Hong Kong,
Tegucigalpa,Honduras,
Santa Rosa de Copán,Honduras,
San Pedro Sula,Honduras,
La Ceiba,Honduras,
El Progreso,Honduras,
Comayagua,Honduras,
Ciudad Choluteca,Honduras,
Choloma,Honduras,
Zagreb,Croatia,
Zadar,Croatia,
Varaždin,Croatia,
Split,Croatia,
Slavonski Brod,Croatia,
Rijeka,Croatia,
Pula,Croatia,
Osijek,Croatia,
Port-de-Paix,Haiti,
Port-au-Prince,Haiti,
Jérémie,Haiti,
Jacmel,Haiti,
Gonaïves,Haiti,
Croix-des-Bouquets,Haiti,
Les Cayes,Haiti,
Cap-Haïtien,Haiti,
Szolnok,Hungary,
Szeged,Hungary,
Nyíregyháza,Hungary,
Miskolc,Hungary,
Debrecen,Hungary,
Veszprém,Hungary,
Szombathely,Hungary,
Székesfehérvár,Hungary,
Pécs,Hungary,
Kecskemét,Hungary,
Győr,Hungary,
Budapest,Hungary,
Medan,Indonesia,
Makassar,Indonesia,
Bandar Lampung,Indonesia,
Surabaya,Indonesia,
Semarang,Indonesia,
Samarinda,Indonesia,
Pekanbaru,Indonesia,
Palembang,Indonesia,
Padang,Indonesia,
Jepara,Indonesia,
Jakarta,Indonesia,
Bandung,Indonesia,
Bandung,Indonesia,
Waterford,Ireland,
Tallaght,Ireland,
Swords,Ireland,
Sligo,Ireland,
Limerick,Ireland,
Galway,Ireland,
Dublin,Ireland,
Cork,Ireland,
Jerusalem,Israel,
Tel Aviv,Israel,
Ramla,Israel,
Petaẖ Tiqva,Israel,
Nazareth,Israel,
Haifa,Israel,
Beersheba,Israel,
West Jerusalem,Israel,
Ramsey,Isle of Man,
Peel,Isle of Man,
Douglas,Isle of Man,
Patna,India,
New Delhi,India,
Nagpur,India,
Chennai,India,
Lucknow,India,
Jaipur,India,
Hyderabad,India,
Delhi,India,
Kolkata,India,
Mumbai,India,
Bhopal,India,
Bengaluru,India,
Kirkuk,Iraq,
Karbala,Iraq,
Erbil,Iraq,
Baghdad,Iraq,
As Sulaymānīyah,Iraq,
Mosul,Iraq,
Basrah,Iraq,
Abū Ghurayb,Iraq,
Tehran,Iran,
Tabriz,Iran,
Shiraz,Iran,
Rasht,Iran,
Qom,Iran,
Orūmīyeh,Iran,
Mashhad,Iran,
Kermanshah,Iran,
Karaj,Iran,
Ahvaz,Iran,
Isfahan,Iran,
Zahedan,Iran,
Akureyri,Iceland,
Selfoss,Iceland,
Reykjavík,Iceland,
Keflavík,Iceland,
Akranes,Iceland,
Palermo,Italy,
Catania,Italy,
Verona,Italy,
Trieste,Italy,
Turin,Italy,
Rome,Italy,
Naples,Italy,
Milan,Italy,
Genoa,Italy,
Florence,Italy,
Bologna,Italy,
Bari,Italy,
Saint Helier,Jersey,
Spanish Town,Jamaica,
Savanna-la-Mar,Jamaica,
Saint Ann’s Bay,Jamaica,
Port Antonio,Jamaica,
Montego Bay,Jamaica,
May Pen,Jamaica,
Mandeville,Jamaica,
Kingston,Jamaica,
Wādī as Sīr,Jordan,
Irbid,Jordan,
Zarqa,Jordan,
As Salţ,Jordan,
Ar Ramthā,Jordan,
Amman,Jordan,
Aqaba,Jordan,
‘Ajlūn,Jordan,
Yokohama,Japan,
Tokyo,Japan,
Osaka,Japan,
Nagoya,Japan,
Kyoto,Japan,
Kobe,Japan,
Kitakyushu,Japan,
Kawasaki,Japan,
Hiroshima,Japan,
Fukuoka,Japan,
Chiba,Japan,
Sapporo,Japan,
Nakuru,Kenya,
Nairobi,Kenya,
Mombasa,Kenya,
Kitale,Kenya,
Kisumu,Kenya,
Kakamega,Kenya,
Garissa,Kenya,
Eldoret,Kenya,
Razzakov,Kyrgyzstan,
Tokmok,Kyrgyzstan,
Osh,Kyrgyzstan,
Karakol,Kyrgyzstan,
Kara-Balta,Kyrgyzstan,
Jalal-Abad,Kyrgyzstan,
Bishkek,Kyrgyzstan,
Bazar-Korgon,Kyrgyzstan,
Phnom Penh,Cambodia,
Ta Khmau,Cambodia,
Takeo,Cambodia,
Siem Reap,Cambodia,
Sihanoukville,Cambodia,
Kampong Chhnang,Cambodia,
Kampong Cham,Cambodia,
Battambang,Cambodia,
Ta Khmau,Cambodia,
Betio Village,Kiribati,
Tarawa,Kiribati,
Bikenibeu Village,Kiribati,
Tsimbeo,Comoros,
Moutsamoudou,Comoros,
Moroni,Comoros,
Fomboni,Comoros,
Domoni,Comoros,
Basseterre,Saint Kitts and Nevis,
Wŏnsan,North Korea,
Sunch’ŏn,North Korea,
Sariwŏn-si,North Korea,
Pyongyang,North Korea,
Namp’o,North Korea,
Kaesŏng,North Korea,
Hamhŭng,North Korea,
Chongjin,North Korea,
Daejeon,South Korea,
Daegu,South Korea,
Suwon,South Korea,
Seoul,South Korea,
Busan,South Korea,
Gwangju,South Korea,
Incheon,South Korea,
Changwon,South Korea,
Ḩawallī,Kuwait,
Kuwait City,Kuwait,
Al Jahrā’,Kuwait,
Al Farwānīyah,Kuwait,
Al Aḩmadī,Kuwait,
West Bay,Cayman Islands,
George Town,Cayman Islands,
Bodden Town,Cayman Islands,
Oral,Kazakhstan,
Aktobe,Kazakhstan,
Taraz,Kazakhstan,
Shymkent,Kazakhstan,
Kyzylorda,Kazakhstan,
Pavlodar,Kazakhstan,
Astana,Kazakhstan,
Almaty,Kazakhstan,
Vientiane,Laos,
Savannakhet,Laos,
Pakse,Laos,
Thakhèk,Laos,
Luang Prabang,Laos,
Tripoli,Lebanon,
Tyre,Lebanon,
Sidon,Lebanon,
Beirut,Lebanon,
Aley,Lebanon,
Laborie,Saint Lucia,
Gros Islet,Saint Lucia,
Dennery,Saint Lucia,
Choiseul,Saint Lucia,
Castries,Saint Lucia,
Vaduz,Liechtenstein,
Triesen,Liechtenstein,
Schaan,Liechtenstein,
Trincomalee,Sri Lanka,
Ratnapura,Sri Lanka,
Katunayaka,Sri Lanka,
Kandy,Sri Lanka,
Jaffna,Sri Lanka,
Galle,Sri Lanka,
Colombo,Sri Lanka,
Anuradhapura,Sri Lanka,
Zwedru,Liberia,
Monrovia,Liberia,
Kakata,Liberia,
Gbarnga,Liberia,
Buchanan,Liberia,
Mohale's Hoek,Lesotho,
Maseru,Lesotho,
Mafeteng,Lesotho,
Hlotse,Lesotho,
Butha-Buthe,Lesotho,
Vilnius,Lithuania,
Utena,Lithuania,
Šiauliai,Lithuania,
Panevėžys,Lithuania,
Marijampolė,Lithuania,
Klaipėda,Lithuania,
Kaunas,Lithuania,
Alytus,Lithuania,
Luxembourg,Luxembourg,
Esch-sur-Alzette,Luxembourg,
Dudelange,Luxembourg,
Diekirch,Luxembourg,
Bettembourg,Luxembourg,
Valmiera,Latvia,
Riga,Latvia,
Rēzekne,Latvia,
Liepāja,Latvia,
Jūrmala,Latvia,
Jelgava,Latvia,
Jēkabpils,Latvia,
Daugavpils,Latvia,
Tobruk,Libya,
Benghazi,Libya,
Ajdabiya,Libya,
Tripoli,Libya,
Sabha,Libya,
Misratah,Libya,
Az Zāwīyah,Libya,
Al Khums,Libya,
Tétouan,Morocco,
Tangier,Morocco,
Safi,Morocco,
Rabat,Morocco,
Oujda,Morocco,
Meknes,Morocco,
Marrakesh,Morocco,
Kenitra,Morocco,
Fes,Morocco,
Casablanca,Morocco,
Al Hoceïma,Morocco,
Agadir,Morocco,
Monte-Carlo,Monaco,
Monaco,Monaco,
La Condamine,Monaco,
Ungheni,Moldova,
Tiraspol,Moldova,
Orhei,Moldova,
Căuşeni,Moldova,
Chisinau,Moldova,
Cahul,Moldova,
Bender,Moldova,
Bălţi,Moldova,
Podgorica,Montenegro,
Pljevlja,Montenegro,
Nikšić,Montenegro,
Cetinje,Montenegro,
Bar,Montenegro,
Marigot,Saint Martin,
Toamasina,Madagascar,
Toliara,Madagascar,
Sambava,Madagascar,
Mahajanga,Madagascar,
Fianarantsoa,Madagascar,
Antsiranana,Madagascar,
Antsirabe,Madagascar,
Antananarivo,Madagascar,
Majuro,Marshall Islands,
Ebaye,Marshall Islands,
Veles,North Macedonia,
Tetovo,North Macedonia,
Skopje,North Macedonia,
Prilep,North Macedonia,
Ohrid,North Macedonia,
Kumanovo,North Macedonia,
Gostivar,North Macedonia,
Bitola,North Macedonia,
Timbuktu,Mali,
Sikasso,Mali,
Ségou,Mali,
Mopti,Mali,
Koutiala,Mali,
Kayes,Mali,
Gao,Mali,
Bamako,Mali,
Sittwe,Myanmar,
Yangon,Myanmar,
Bago,Myanmar,
Mawlamyine,Myanmar,
Mandalay,Myanmar,
Pathein,Myanmar,
Amarapura,Myanmar,
Nay Pyi Taw,Myanmar,
Ulan Bator,Mongolia,
Mörön,Mongolia,
Erdenet,Mongolia,
Darhan,Mongolia,
Arvayheer,Mongolia,
Taipa,Macao,
Macau,Macao,
Lai Chi Van,Macao,
Luhuan,Macao,
Zhuojiacun,Macao,
San Jose Village,Northern Mariana Islands,
Saipan,Northern Mariana Islands,
Sainte-Marie,Martinique,
Le Robert,Martinique,
Le Lamentin,Martinique,
Le François,Martinique,
Fort-de-France,Martinique,
Zouérat,Mauritania,
Nouakchott,Mauritania,
Nouadhibou,Mauritania,
Néma,Mauritania,
Kiffa,Mauritania,
Kaédi,Mauritania,
Ayoun El Atrous,Mauritania,
Tevragh Zeina,Mauritania,
Żabbar,Malta,
Valletta,Malta,
Sliema,Malta,
San Pawl il-Baħar,Malta,
Qormi,Malta,
Naxxar,Malta,
Mosta,Malta,
Birkirkara,Malta,
Rose Belle,Mauritius,
Rivière du Rempart,Mauritius,
Quartier Militaire,Mauritius,
Port Louis,Mauritius,
Pamplemousses,Mauritius,
Centre de Flacq,Mauritius,
Beau Bassin-Rose Hill,Mauritius,
Port Mathurin,Mauritius,
Male,Maldives,
Hithadhoo,Maldives,
Thinadhoo,Maldives,
Fuvahmulah,Maldives,
Kulhudhuffushi,Maldives,
Karonga,Malawi,
Zomba,Malawi,
Nkhotakota,Malawi,
Mzuzu,Malawi,
Mangochi,Malawi,
Lilongwe,Malawi,
Kasungu,Malawi,
Blantyre,Malawi,
Puebla,Mexico,
Mérida,Mexico,
Ecatepec de Morelos,Mexico,
Mexico City,Mexico,
Zapopan,Mexico,
Tijuana,Mexico,
Santiago de Querétaro,Mexico,
Monterrey,Mexico,
Mexicali,Mexico,
León de los Aldama,Mexico,
Guadalajara,Mexico,
Ciudad Juárez,Mexico,
Johor Bahru,Malaysia,
Kota Kinabalu,Malaysia,
Ipoh,Malaysia,
Kuala Terengganu,Malaysia,
Malacca,Malaysia,
Seremban,Malaysia,
Petaling Jaya,Malaysia,
Kuala Lumpur,Malaysia,
Kuantan,Malaysia,
Kuching,Malaysia,
Alor Setar,Malaysia,
Kota Bharu,Malaysia,
Tete,Mozambique,
Quelimane,Mozambique,
Nampula,Mozambique,
Matola,Mozambique,
Maputo,Mozambique,
Lichinga,Mozambique,
Chimoio,Mozambique,
Beira,Mozambique,
Katima Mulilo,Namibia,
Windhoek,Namibia,
Swakopmund,Namibia,
Rundu,Namibia,
Otjiwarongo,Namibia,
Oshakati,Namibia,
Keetmanshoop,Namibia,
Gobabis,Namibia,
Wé,New Caledonia,
Tadine,New Caledonia,
Nouméa,New Caledonia,
Mont-Dore,New Caledonia,
Dumbéa,New Caledonia,
Zinder,Niger,
Tahoua,Niger,
Niamey,Niger,
Maradi,Niger,
Dosso,Niger,
Diffa,Niger,
Arlit,Niger,
Agadez,Niger,
Port Harcourt,Nigeria,
Onitsha,Nigeria,
Maiduguri,Nigeria,
Lagos,Nigeria,
Kano,Nigeria,
Kaduna,Nigeria,
Jos,Nigeria,
Ilorin,Nigeria,
Ibadan,Nigeria,
Benin City,Nigeria,
Abuja,Nigeria,
Aba,Nigeria,
Matagalpa,Nicaragua,
Masaya,Nicaragua,
Managua,Nicaragua,
León,Nicaragua,
Granada,Nicaragua,
Estelí,Nicaragua,
Chinandega,Nicaragua,
Bluefields,Nicaragua,
Zwolle,The Netherlands,
Venlo,The Netherlands,
Utrecht,The Netherlands,
s-Hertogenbosch,The Netherlands,
Maastricht,The Netherlands,
Leeuwarden,The Netherlands,
Hengelo,The Netherlands,
Haarlem,The Netherlands,
Groningen,The Netherlands,
Assen,The Netherlands,
Arnhem,The Netherlands,
Amsterdam,The Netherlands,
Tønsberg,Norway,
Stavanger,Norway,
Sandefjord,Norway,
Oslo,Norway,
Lillestrøm,Norway,
Kristiansand,Norway,
Drammen,Norway,
Bergen,Norway,
Tānsen,Nepal,
Pokhara,Nepal,
Kathmandu,Nepal,
Janakpur,Nepal,
Butwāl,Nepal,
Siddharthanagar,Nepal,
Birendranagar,Nepal,
Dipayal,Nepal,
Wellington,New Zealand,
Palmerston North,New Zealand,
New Plymouth,New Zealand,
Hamilton,New Zealand,
Dunedin,New Zealand,
Christchurch,New Zealand,
Auckland,New Zealand,
Tauranga,New Zealand,
Sur,Oman,
Sohar,Oman,
Şalālah,Oman,
Muscat,Oman,
Al Buraymī,Oman,
Tocumen,Panama,
Santiago de Veraguas,Panama,
San Miguelito,Panama,
Panamá,Panama,
La Chorrera,Panama,
David,Panama,
Colón,Panama,
Arraiján,Panama,
Trujillo,Peru,
Pucallpa,Peru,
Piura,Peru,
Iquitos,Peru,
Chimbote,Peru,
Chiclayo,Peru,
Tacna,Peru,
Lima,Peru,
Huancayo,Peru,
Cusco,Peru,
Callao,Peru,
Arequipa,Peru,
Vaitoare,French Polynesia,
Punaauia,French Polynesia,
Pirae,French Polynesia,
Papeete,French Polynesia,
Faaa,French Polynesia,
Port Moresby,Papua New Guinea,
Mount Hagen,Papua New Guinea,
Madang,Papua New Guinea,
Lae,Papua New Guinea,
Arawa,Papua New Guinea,
Zamboanga,Philippines,
Tacloban,Philippines,
Quezon City,Philippines,
Manila,Philippines,
Davao,Philippines,
Dasmariñas,Philippines,
Cebu City,Philippines,
Caloocan City,Philippines,
Calamba,Philippines,
Cagayan de Oro,Philippines,
Bacolod City,Philippines,
Antipolo,Philippines,
Sukkur,Pakistan,
Rawalpindi,Pakistan,
Quetta,Pakistan,
Peshawar,Pakistan,
Muzaffarābād,Pakistan,
Lahore,Pakistan,
Karachi,Pakistan,
Islamabad,Pakistan,
Hyderabad,Pakistan,
Faisalabad,Pakistan,
Battagram,Pakistan,
Bannu,Pakistan,
Warsaw,Poland,
Lublin,Poland,
Białystok,Poland,
Wrocław,Poland,
Szczecin,Poland,
Poznań,Poland,
Łódź,Poland,
Kraków,Poland,
Katowice,Poland,
Gdańsk,Poland,
Częstochowa,Poland,
Bydgoszcz,Poland,
Saint-Pierre,Saint Pierre and Miquelon,
Arecibo,Puerto Rico,
Bayamón,Puerto Rico,
Caguas,Puerto Rico,
Carolina,Puerto Rico,
Mayagüez,Puerto Rico,
Ponce,Puerto Rico,
San Juan,Puerto Rico,
Trujillo Alto,Puerto Rico,
Rafaḩ,Palestinian Territory,
Khān Yūnis,Palestinian Territory,
Gaza,Palestinian Territory,
Dayr al Balaḩ,Palestinian Territory,
Nablus,Palestinian Territory,
Bethlehem,Palestinian Territory,
Jericho,Palestinian Territory,
Hebron,Palestinian Territory,
Setúbal,Portugal,
Lisbon,Portugal,
Leiria,Portugal,
Funchal,Portugal,
Évora,Portugal,
Barreiro,Portugal,
Vila Nova de Gaia,Portugal,
Porto,Portugal,
Figueira da Foz,Portugal,
Coimbra,Portugal,
Braga,Portugal,
Aveiro,Portugal,
Koror,Palau,
Koror Town,Palau,
Villarrica,Paraguay,
Pedro Juan Caballero,Paraguay,
Encarnación,Paraguay,
Coronel Oviedo,Paraguay,
Concepción,Paraguay,
Ciudad del Este,Paraguay,
Caacupé,Paraguay,
Asunción,Paraguay,
Madīnat ash Shamāl,Qatar,
Ash Shīḩānīyah,Qatar,
Ar Rayyān,Qatar,
Al Wakrah,Qatar,
Al Khawr,Qatar,
Doha,Qatar,
Al Manşūrah,Qatar,
Al Maţār al ‘Atīq,Qatar,
Les Trois-Bassins,Reunion,
Saint-Pierre,Reunion,
Saint-Denis,Reunion,
Le Tampon,Reunion,
Entre-Deux,Reunion,
Târgu Mureş,Romania,
Timişoara,Romania,
Ploieşti,Romania,
Oradea,Romania,
Iaşi,Romania,
Galaţi,Romania,
Craiova,Romania,
Constanţa,Romania,
Cluj-Napoca,Romania,
Bucharest,Romania,
Braşov,Romania,
Arad,Romania,
Zrenjanin,Serbia,
Zemun,Serbia,
Pančevo,Serbia,
Niš,Serbia,
Kragujevac,Serbia,
Čačak,Serbia,
Belgrade,Serbia,
Novi Sad,Serbia,
Volgograd,Russia,
Ufa,Russia,
Saint Petersburg,Russia,
Samara,Russia,
Rostov-na-Donu,Russia,
Nizhniy Novgorod,Russia,
Moscow,Russia,
Kazan,Russia,
Yekaterinburg,Russia,
Omsk,Russia,
Novosibirsk,Russia,
Chelyabinsk,Russia,
Rwamagana,Rwanda,
Kigali,Rwanda,
Kibuye,Rwanda,
Gitarama,Rwanda,
Gikongoro,Rwanda,
Gisenyi,Rwanda,
Byumba,Rwanda,
Nyanza,Rwanda,
Tabuk,Saudi Arabia,
Najrān,Saudi Arabia,
Makkah,Saudi Arabia,
Ha'il,Saudi Arabia,
Buraydah,Saudi Arabia,
Riyadh,Saudi Arabia,
Madinah,Saudi Arabia,
Dammam,Saudi Arabia,
Malango,Solomon Islands,
Honiara,Solomon Islands,
Gizo,Solomon Islands,
Auki,Solomon Islands,
Victoria,Seychelles,
Perseverance,Seychelles,
Wad Medani,Sudan,
Nyala,Sudan,
Kassala,Sudan,
Port Sudan,Sudan,
El Obeid,Sudan,
Al Qadarif,Sudan,
Khartoum,Sudan,
El Fasher,Sudan,
Umeå,Sweden,
Västerås,Sweden,
Uppsala,Sweden,
Stockholm,Sweden,
Örebro,Sweden,
Norrköping,Sweden,
Malmö,Sweden,
Lund,Sweden,
Linköping,Sweden,
Jönköping,Sweden,
Helsingborg,Sweden,
Göteborg,Sweden,
Singapore,Singapore,
Punggol,Singapore,
Jurong Town,Singapore,
Yishun New Town,Singapore,
Woodlands,Singapore,
Bedok New Town,Singapore,
Choa Chu Kang New Town,Singapore,
Sengkang New Town,Singapore,
Georgetown,Saint Helena,
Velenje,Slovenia,
Novo Mesto,Slovenia,
Nova Gorica,Slovenia,
Maribor,Slovenia,
Ljubljana,Slovenia,
Kranj,Slovenia,
Koper,Slovenia,
Celje,Slovenia,
Prešov,Slovakia,
Košice,Slovakia,
Žilina,Slovakia,
Trnava,Slovakia,
Nitra,Slovakia,
Martin,Slovakia,
Bratislava,Slovakia,
Banská Bystrica,Slovakia,
Waterloo,Sierra Leone,
Port Loko,Sierra Leone,
Njala,Sierra Leone,
Makeni,Sierra Leone,
Koidu,Sierra Leone,
Kenema,Sierra Leone,
Freetown,Sierra Leone,
Bo,Sierra Leone,
Serravalle,San Marino,
Dogana,San Marino,
Borgo Maggiore,San Marino,
Valdragone,San Marino,
Ziguinchor,Senegal,
Thiès,Senegal,
Tambacounda,Senegal,
Saint-Louis,Senegal,
Kolda,Senegal,
Kaolack,Senegal,
Diourbel,Senegal,
Dakar,Senegal,
Mogadishu,Somalia,
Marka,Somalia,
Kismayo,Somalia,
Hargeysa,Somalia,
Gaalkacyo,Somalia,
Burao,Somalia,
Bosaso,Somalia,
Baidoa,Somalia,
Paramaribo,Suriname,
Nieuw Nickerie,Suriname,
Meerzorg,Suriname,
Lelydorp,Suriname,
Brokopondo,Suriname,
Wau,South Sudan,
Rumbek,South Sudan,
Malakal,South Sudan,
Kuacjok,South Sudan,
Juba,South Sudan,
São Tomé,Sao Tome and Principe,
Neves,Sao Tome and Principe,
Água Izé,Sao Tome and Principe,
Folha Fede,Sao Tome and Principe,
Usulután,El Salvador,
Sonsonate,El Salvador,
San Vicente,El Salvador,
Santa Ana,El Salvador,
San Salvador,El Salvador,
San Miguel,El Salvador,
Santa Tecla,El Salvador,
Cojutepeque,El Salvador,
Lower Prince’s Quarter,Sint Maarten,
Cul de Sac,Sint Maarten,
Koolbaai,Sint Maarten,
Ţarţūs,Syria,
Homs,Syria,
Ḩamāh,Syria,
Aleppo,Syria,
Damascus,Syria,
Deir ez-Zor,Syria,
Ar Raqqah,Syria,
Latakia,Syria,
Siteki,Eswatini,
Piggs Peak,Eswatini,
Nhlangano,Eswatini,
Mbabane,Eswatini,
Manzini,Eswatini,
Providenciales,Turks and Caicos Islands,
Goz Beida,Chad,
Am Timan,Chad,
Abéché,Chad,
Sarh,Chad,
Pala,Chad,
N'Djamena,Chad,
Moundou,Chad,
Mongo,Chad,
Tsévié,Togo,
Sokodé,Togo,
Lomé,Togo,
Kpalimé,Togo,
Kara,Togo,
Dapaong,Togo,
Bassar,Togo,
Atakpamé,Togo,
Surat Thani,Thailand,
Lampang,Thailand,
Udon Thani,Thailand,
Ubon Ratchathani,Thailand,
Si Racha,Thailand,
Samut Prakan,Thailand,
Phra Pradaeng,Thailand,
Mueang Nonthaburi,Thailand,
Nakhon Ratchasima,Thailand,
Bangkok,Thailand,
Hat Yai,Thailand,
Chon Buri,Thailand,
Istaravshan,Tajikistan,
Bokhtar,Tajikistan,
Vahdat,Tajikistan,
Kŭlob,Tajikistan,
Dushanbe,Tajikistan,
Tursunzoda,Tajikistan,
Khujand,Tajikistan,
Isfara,Tajikistan,
Suai,Timor Leste,
Maliana,Timor Leste,
Likisá,Timor Leste,
Dili,Timor Leste,
Aileu,Timor Leste,
Balkanabat,Turkmenistan,
Ashgabat,Turkmenistan,
Änew,Turkmenistan,
Akdepe,Turkmenistan,
Türkmenbaşy,Turkmenistan,
Daşoguz,Turkmenistan,
Mary,Turkmenistan,
Türkmenabat,Turkmenistan,
Tunis,Tunisia,
Sousse,Tunisia,
Sfax,Tunisia,
Gabès,Tunisia,
Bizerte,Tunisia,
Aryanah,Tunisia,
Kairouan,Tunisia,
Monastir,Tunisia,
Nuku‘alofa,Tonga,
Lapaha,Tonga,
Konya,Turkey,
Kayseri,Turkey,
İzmir,Turkey,
Gaziantep,Turkey,
Eskişehir,Turkey,
Erzurum,Turkey,
Diyarbakır,Turkey,
Antalya,Turkey,
Ankara,Turkey,
Adana,Turkey,
Istanbul,Turkey,
Bursa,Turkey,
San Fernando,Trinidad and Tobago,
Rio Claro,Trinidad and Tobago,
Port of Spain,Trinidad and Tobago,
Chaguanas,Trinidad and Tobago,
Arima,Trinidad and Tobago,
Funafuti,Tuvalu,
Taipei,Taiwan,
Tainan,Taiwan,
Taichung,Taiwan,
Banqiao,Taiwan,
Fengshan,Taiwan,
Kaohsiung,Taiwan,
Jincheng,Taiwan,
New Taipei City,Taiwan,
Zanzibar,Tanzania,
Tanga,Tanzania,
Tabora,Tanzania,
Sumbawanga,Tanzania,
Mwanza,Tanzania,
Morogoro,Tanzania,
Mbeya,Tanzania,
Kigoma,Tanzania,
Dodoma,Tanzania,
Dar es Salaam,Tanzania,
Arusha,Tanzania,
Songea,Tanzania,
Zaporizhzhya,Ukraine,
Simferopol,Ukraine,
Sevastopol,Ukraine,
Odesa,Ukraine,
Mykolayiv,Ukraine,
Lviv,Ukraine,
Luhansk,Ukraine,
Kyiv,Ukraine,
Kryvyy Rih,Ukraine,
Kharkiv,Ukraine,
Donetsk,Ukraine,
Dnipro,Ukraine,
Mukono,Uganda,
Mbarara,Uganda,
Mbale,Uganda,
Masindi,Uganda,
Kasese,Uganda,
Kampala,Uganda,
Jinja,Uganda,
Gulu,Uganda,
Washington,United States,
Philadelphia,United States,
Dallas,United States,
Houston,United States,
San Antonio,United States,
Chicago,United States,
Brooklyn,United States,
Manhattan,United States,
Queens,United States,
Phoenix,United States,
Los Angeles,United States,
San Diego,United States,
Tacuarembó,Uruguay,
Salto,Uruguay,
Rivera,Uruguay,
Paysandú,Uruguay,
Montevideo,Uruguay,
Mercedes,Uruguay,
Melo,Uruguay,
Maldonado,Uruguay,
Nukus,Uzbekistan,
Samarkand,Uzbekistan,
Qarshi,Uzbekistan,
Bukhara,Uzbekistan,
Tashkent,Uzbekistan,
Namangan,Uzbekistan,
Fergana,Uzbekistan,
Andijon,Uzbekistan,
Kingstown,Saint Vincent and the Grenadines,
Calliaqua,Saint Vincent and the Grenadines,
Valencia,Venezuela,
Maracaibo,Venezuela,
Ciudad Guayana,Venezuela,
Ciudad Bolívar,Venezuela,
Caracas,Venezuela,
Barquisimeto,Venezuela,
Barcelona,Venezuela,
Maturín,Venezuela,
Road Town,British Virgin Islands,
Charlotte Amalie,U.S. Virgin Islands,
Saint Croix,U.S. Virgin Islands,
Tutu,U.S. Virgin Islands,
Vinh,Vietnam,
Ho Chi Minh City,Vietnam,
Thanh Hóa,Vietnam,
Rạch Giá,Vietnam,
Qui Nhon,Vietnam,
Nha Trang,Vietnam,
Huế,Vietnam,
Hanoi,Vietnam,
Haiphong,Vietnam,
Da Nang,Vietnam,
Cần Thơ,Vietnam,
Biên Hòa,Vietnam,
Hanoi,Vietnam,
Port-Vila,Vanuatu,
Luganville,Vanuatu,
Apia,Samoa,
Asau,Samoa,
Ferizaj,Kosovo,
Suva Reka,Kosovo,
Prizren,Kosovo,
Pristina,Kosovo,
Pejë,Kosovo,
Mitrovicë,Kosovo,
Glogovac,Kosovo,
Gjakovë,Kosovo,
Taiz,Yemen,
Sanaa,Yemen,
Ibb,Yemen,
Dhamār,Yemen,
‘Amrān,Yemen,
Mukalla,Yemen,
Al Ḩudaydah,Yemen,
Aden,Yemen,
Pamandzi,Mayotte,
Mamoudzou,Mayotte,
Dzaoudzi,Mayotte,
Dembeni,Mayotte,
Koungou,Mayotte,
Emalahleni,South Africa,
Welkom,South Africa,
Vereeniging,South Africa,
Rustenburg,South Africa,
Pretoria,South Africa,
Port Elizabeth,South Africa,
Pietermaritzburg,South Africa,
Johannesburg,South Africa,
East London,South Africa,
Durban,South Africa,
Bloemfontein,South Africa,
Cape Town,South Africa,
Solwezi,Zambia,
Ndola,Zambia,
Lusaka,Zambia,
Livingstone,Zambia,
Kasama,Zambia,
Kabwe,Zambia,
Chipata,Zambia,
Chingola,Zambia,
Mutare,Zimbabwe,
Masvingo,Zimbabwe,
Marondera,Zimbabwe,
Harare,Zimbabwe,
Gweru,Zimbabwe,
Chinhoyi,Zimbabwe,
Bulawayo,Zimbabwe,
Bindura,Zimbabwe,